Name,Year,Group,Status,Birth Date,Birth Place,Gender,Alma Mater,Undergraduate Major,Graduate Major,Military Branch,Space Flight (hr),Space Walks (hr),Missions,Death Date,Death Mission
Joseph M. Acaba,2004.0,19.0,Active,5/17/1967,"Inglewood, CA",Male,University of California-Santa Barbara; University of Arizona,Geology,Geology,,3307,13,"STS-119 (Discovery), ISS-31/32 (Soyuz)",,
James C. Adamson,1984.0,10.0,Retired,3/3/1946,"Warsaw, NY",Male,US Military Academy; Princeton University,Engineering,Aerospace Engineering,US Army,334,0,"STS-28 (Columbia), STS-43 (Atlantis)",,
Thomas D. Akers,1987.0,12.0,Retired,5/20/1951,"St. Louis, MO",Male,University of Missouri-Rolla,Applied Mathematics,Applied Mathematics,US Air Force,814,29,"STS-41 (Discovery), STS-49 (Endeavor), STS-61 (Endeavor), STS-79 (Atlantis)",,
Buzz Aldrin,1963.0,3.0,Retired,1/20/1930,"Montclair, NJ",Male,US Military Academy; MIT,Mechanical Engineering,Astronautics,US Air Force,289,8,"Gemini 12, Apollo 11",,
Andrew M. Allen,1987.0,12.0,Retired,8/4/1955,"Philadelphia, PA",Male,Villanova University; University of Florida,Mechanical Engineering,Business Administration,US Marine Corps,906,0,"STS-46 (Atlantis), STS-62 (Columbia), STS-75 (Columbia)",,
Joseph P. Allen,1967.0,6.0,Retired,6/27/1937,"Crawsfordsville, IN",Male,DePauw University; Yale University,Mathematics & Physics,Physics,,313,12,"ST-5 (Columbia), STS 51-A (Discovery)",,
Scott D. Altman,1995.0,15.0,Retired,8/15/1959,"Lincoln, IL",Male,University of Illinois; US Naval Postgraduate School,Aeronautical & Astronautical Engineering,Aeronautical Engineering,US Navy,1236,0,"STS-90 (Columbia), STS-106 (Atlantis), STS-109 (Columbia), STS-125 (Atlantis)",,
William A. Anders,1963.0,3.0,Retired,10/17/1933,Hong Kong,Male,US Naval Academy; Air Force Institute of Technology,Nuclear Engineering,Nuclear Engineering,US Air Force,147,0,Apollo 8,,
Clayton C. Anderson,1998.0,17.0,Retired,2/23/1959,"Omaha, NE",Male,Hastings College; Iowa State University,Physics,Aerospace Engineering,,4005,38,"STS-117/120 (Atlantis/Discovery), STS-131 (Discovery)",,
Michael P. Anderson,1995.0,15.0,Deceased,12/25/1959,"Plattsburgh, NY",Male,University of Washington; Creighton University,Physics & Astronomy,Physics,US Air Force,594,0,"STS-89 (Endeavor), STS-107 (Columbia)",2/1/2003,STS-107 (Columbia)
Dominic A. Antonelli,2000.0,18.0,Active,8/23/1967,"Detroit, MI",Male,MIT; University of Washington,Aeronautics & Astronautics,Aeronautics & Astronautics,US Navy,579,0,"STS-119 (Discovery), STS-132 (Atlantis)",,
Jerome Apt III ,1985.0,11.0,Retired,4/18/1949,"Springfield, MA",Male,Harvard University; MIT,Physics,Physics,,847,11,"STS-37 (Atlantis), STS-47 (Endeavor), STS-59 (Endeavor), STS-79 (Atlantis)",,
Lee J. Archambault,1998.0,17.0,Retired,8/25/1960,"Oak Park, IL",Male,University of Illinois-Urbana,Aeronautical & Astronautical Engineering,Aeronautical & Astronautical Engineering,US Air Force,639,0,"STS-117 (Atlantis), STS-119 (Discovery)",,
Neil A. Armstrong,1962.0,2.0,Deceased,8/5/1930,"Wapakoneta, OH",Male,Purdue University; University of Southern California,Aeronautical Engineering,Aerospace Engineering,,205,2,"Gemini 8, Apollo 11",8/25/2012,
Richard R. Arnold II ,2004.0,19.0,Active,11/26/1963,"Cheverly, MD",Male,Frostburg State University; University of Maryland,Accounting,Environmental Science,,307,12,STS-119 (Discovery),,
Jeffrey S. Ashby,1995.0,15.0,Retired,6/1/1954,"Dallas, TX",Male,University of Idaho; University of Tennessee,Mechanical Engineering,Aviation Systems,US Navy,655,0,"STS-93 (Columbia), STS-100 (Endeavor), STS-112 (Atlantis)",,
Serena M. Aunon,2009.0,20.0,Active,4/9/1976,"Indianapolis, IN",Female,George Washington University; University of Texas,Electrical Engineering,Medicine,,0,0,,,
James P. Bagian,1980.0,9.0,Retired,2/22/1952,"Philadelphia, PA",Male,Drexel University; Thomas Jefferson University,Mechanical Engineering,Medicine,,337,0,"STS-29 (Discovery), STS-40 (Columbia)",,
Ellen S. Baker,1984.0,10.0,Retired,4/27/1953,"Fayettesville, NC",Female,State University of New York-Buffalo; Cornell University; University of Texas,Geology,Medicine; Public Health,,686,0,"STS-34 (Atlantis), STS-50 (Columbia), STS-71 (Atlantis)",,
Michael A. Baker,1985.0,11.0,Management,10/27/1953,"Memphis, TN",Male,University of Texas,Aerospace Engineering,,US Navy,965,0,"STS-43 (Atlantis), STS-52 (Columbia), STS-68 (Endeavor), STS-81 (Atlantis)",,
Michael R. Barratt,2000.0,18.0,Active,4/16/1959,"Vancouver, WA",Male,University of Washington; Northwestern University; Wright State University,Zoology,Medicine; Aerospace Medicine,,5075,5,"ISS-19/20 (Soyuz), STS-133 (Discovery)",,
Daniel T. Barry,1992.0,14.0,Retired,12/30/1953,"Norwalk, CT",Male,Cornell University; Princeton University; University of Miami,Electrical Engineering,Electrical Engineering; Computer Science; Medicine,,733,26,"STS-72 (Endeavor), STS-96 (Discovery), STS-105 (Discovery)",,
Charles A. Bassett II ,1963.0,3.0,Deceased,12/30/1931,"Dayton, OH",Male,Texas Technological College,Electrical Engineering,,US Air Force,0,0,,2/28/1966,
Alan L. Bean,1963.0,3.0,Retired,3/15/1932,"Wheeler, TX",Male,University of Texas,Aeronautical Engineering,,US Navy,1671,10,"Apollo 12, Skylab 3",,
Robert L. Behnken,2000.0,18.0,Active,7/28/1970,"Creve Couer, MO",Male,Washington University; California Institute of Technology,Physics & Mechanical Engineering,Mechanical Engineering,US Air Force,708,37,"STS-123 (Endeavor), STS-130 (Endeavor)",,
John E. Blaha,1980.0,9.0,Retired,8/26/1942,"San Antonio, TX",Male,US Air Force Academy; Purdue University,Engineering Science,Astronautical Engineering,US Air Force,3861,0,"STS-29 (Discovery), STS-33 (Discovery), STS-43 (Atlantis), STS-58 (Columbia), STS-79/81 (Atlantis/Atlantis)",,
Michael J. Bloomfield,1995.0,15.0,Retired,3/16/1959,"Flint, MI",Male,US Air Force Academy; Old Dominion University,Engineering Mechanics,Engineering Management,US Air Force,779,0,"STS-86 (Atlantis), STS-97 (Endeavor), STS-110 (Atlantis)",,
Guion S. Bluford Jr. ,1978.0,8.0,Retired,11/22/1942,"Philadelphia, PA",Male,Pennsylvania State University; Air Force Institute of Technology; University of Houston-Clear Lake,Aerospace Engineering,Aerospace Engineering; Business Administration,US Air Force,689,0,"STS-8 (Challenger), STS 61-A (Challenger), STS-39 (Discovery), STS-53 (Discovery)",,
Karol J. Bobko,1969.0,7.0,Retired,12/23/1937,"New York, NY",Male,US Air Force Academy; University of Southern California,,Aerospace Engineering,US Air Force,386,0,"STS-6 (Challenger), STS 51-D (Discovery), STS-51-J (Atlantis)",,
Eric A. Boe,2000.0,18.0,Active,10/1/1964,"Miami, FL",Male,US Air Force Academy; Georgia Institute of Technology,Aeronautical Engineering,Electrical Engineering,US Air Force,687,0,"STS-126 (Endeavor), STS-133 (Discovery)",,
Charles F. Bolden Jr. ,1980.0,9.0,Management,8/19/1946,"Columbia, SC",Male,US Naval Academy; University of Southern California,Electrical Science,Systems Management,US Marine Corps,680,0,"STS-61C (Columbia), STS-31 (Discovery), STS-45 (Atlantis), STS-60 (Discovery)",,
Frank Borman,1962.0,2.0,Retired,3/14/1928,"Gary, IN",Male,US Military Academy; California Institute of Technology,,Aeronautical Engineering,US Air Force,477,0,"Gemini 7, Apollo 8",,
Stephen G. Bowen,2000.0,18.0,Active,2/13/1964,"Cohasset, MA",Male,US Naval Academy; MIT,Electrical Engineering,Ocean Engineering,US Navy,970,47,"STS-126 (Endeavor), STS-132 (Atlantis), STS-133 (Discovery)",,
Kenneth D. Bowersox,1987.0,12.0,Retired,11/14/1956,"Portsmouth, VA",Male,US Naval Academy; Columbia University,Aerospace Engineering,Mechanical Engineering,US Navy,5078,13,"STS-50 (Columbia), STS-61 (Endeavor), STS-73 (Columbia), STS-82 (Discovery), STS-113 (Endeavor/Soyuz)",,
Charles E. Brady Jr. ,1992.0,14.0,Deceased,8/12/1951,"Pinehurst, NC",Male,University of North Carolina at Chapel Hill; Duke University,,Medicine,US Navy,405,0,STS-78 (Columbia),7/23/2006,
Vance D. Brand,1966.0,5.0,Retired,5/9/1931,"Longmont, CA",Male,University of Colorado; University of California Los Angeles,Business Management; Aeronautical Engineering,Business Administration,US Marine Corps,752,0,"Apollo-Soyuz Test Project, STS-5 (Columbia), STS 41-B (Challenger), STS-35 (Columbia)",,
Daniel C. Brandenstein,1978.0,8.0,Retired,1/17/1943,"Watertown, WI",Male,University of Wisconsin,Mathematics & Physics,,US Navy,789,0,"STS-8 (Challenger), STS 51-G (Discovery), STS-32 (Columbia), STS-49 (Endeavor)",,
Randolph J. Bresnik,2004.0,19.0,Active,9/11/1967,"Fort Knox, KY",Male,The Citadel; University of Tennessee-Knoxville,Mathematics,Aviation Systems,US Marine Corps,259,12,STS-129 (Atlantis),,
Roy D. Bridges Jr. ,1980.0,9.0,Retired,7/19/1943,"Atlanta, GA",Male,US Air Force Academy; Purdue University,Engineering Science,Astronautics,US Air Force,190,0,STS 51-F (Challenger),,
Curtis L. Brown Jr. ,1987.0,12.0,Retired,3/11/1956,"Elizabethtown, NC",Male,US Air Force Academy,Electrical Engineering,,US Air Force,1383,0,"STS-47 (Endeavor), STS-66 (Atlantis), STS-77 (Endeavor), STS-85 (Discovery), STS-95 (Discovery), STS-103 (Discovery)",,
David M. Brown,1996.0,16.0,Deceased,4/16/1956,"Arlington, VA",Male,College of William & Mary; Eastern Virginia Medical School,Biology,Medicine,US Navy,382,0,STS-107 (Columbia),2/1/2003,STS-107 (Columbia)
Mark N. Brown,1984.0,10.0,Retired,11/18/1951,"Valparaiso, IN",Male,Purdue University; Air Force Institute of Technology,Aeronautical & Astronautical Engineering,Astronautical Engineering,US Air Force,249,0,"STS 28 (Columbia), STS-48 (Discovery)",,
James F. Buchli,1978.0,8.0,Retired,6/20/1945,"New Rockford, ND",Male,US Naval Academy; University of West Florida,Aeronautical Engineering,Aeronautical Engineering Systems,US Marine Corps,490,0,"STS 51-C (Discovery), STS 61-A (Challenger), STS-29 (Discovery), STS-48 (Discovery",,
John S. Bull,1966.0,5.0,Deceased,9/25/1934,"Memphis, TN",Male,Rice University; Stanford University,Mechanical Engineering,Aeronautical Engineering,,0,0,,8/11/2008,
Daniel C. Burbank,1996.0,16.0,Active,7/27/1961,"Machester, CT",Male,US Coast Guard Academy; Embry-Riddle Aeronautical University,Electrical Engineering,Aeronautical Science,US Coast Guard,4512,7,"STS-106 (Atlantis), STS-115 (Atlantis), ISS-29/30 (Soyuz)",,
Daniel W. Bursch,1990.0,13.0,Retired,7/25/1957,"Bristol, PA",Male,US Naval Academy; US Naval Postgraduate School,Physics,Engineering Science,US Navy,5446,12,"STS-51 (Discovery), STS-68 (Endeavor), STS-77 (Endeavor), STS-108/111 (Endeavor)",,
Robert D. Cabana,1985.0,11.0,Management,1/23/1949,"Minneapolis, MN",Male,US Naval Academy,Mathematics,,US Marine Corps,910,0,"STS-41 (Discovery), STS-53 (Discovery), STS-65 (Columbia), STS-88 (Endeavor)",,
Yvonne D. Cagle,1996.0,16.0,Management,4/24/1959,"West Point, NY",Female,San Francisco State University,Biochemistry,,US Air Force,0,0,,,
Fernando Caldeiro,1996.0,16.0,Deceased,6/12/1958,"Buenos Aires, Argentina",Male,University of Arizona; University of Central Florida,Mechanical Engineering,Engineering Management,,0,0,,10/3/2009,
Tracy E. Caldwell (Dyson),1998.0,17.0,Active,8/14/1969,"Arcadia, CA",Female,California State University-Fullerton; University of California-Davis,Chemistry,Physical Chemistry,,4531,23,"STS-118 (Endeavor), ISS-23/24 (Soyuz)",,
Charles J. Camarda,1996.0,16.0,Management,5/8/1952,"Queens, NY",Male,Polytechnic Institute of Brooklyn; George Washington University; Virginia Polytechnic Institute,Aerospace Engineering,Engineering Science; Aerospace Engineering,,333,0,STS-114 (Discovery),,
Kenneth D. Cameron,1984.0,10.0,Retired,11/29/1949,"Cleveland, OH",Male,MIT; Michigan State University,Aeronautics & Astronautics,Aeronautics & Astronautics; Business Administration,US Marine Corps,562,0,"STS-37 (Atlantis), STS-56 (Discovery), STS-74 (Atlantis)",,
Duane G. Carey,1996.0,16.0,Retired,4/30/1957,"St. Paul, MN",Male,University of Minnesota-Minneapolis,Aerospace Engineering & Mechanics,Aerospace Engineering,US Air Force,262,0,STS-109 (Columbia),,
M. Scott Carpenter,1959.0,1.0,Retired,5/1/1925,"Boulder, CO",Male,University of Colorado,Aeronautical Engineering,,US Navy,4,0,Mercury 7,,
Gerald P. Carr,1966.0,5.0,Retired,8/22/1932,"Denver, CO",Male,University of Southern California; US Naval Postgraduate School; Princeton University,Mechanical Engineering,Aeronautical Engineering,US Marine Corps,2017,16,Skylab 4,,
Manley Lanier Carter Jr. ,1984.0,10.0,Deceased,8/15/1947,"Macon, GA",Male,Emory University,Chemistry,Medicine,US Navy,120,0,STS-33 (Discovery),4/5/1991,
John H. Casper,1984.0,10.0,Management,7/9/1943,"Greenville, SC",Male,US Air Force Academy; Purdue University,Engineering Science,Astronautics,US Air Force,825,0,"STS-36 (Atlantis), STS-54 (Endeavor), STS-62 (Columbia), STS-77 (Endeavor)",,
Christopher J. Cassidy,2004.0,19.0,Active,1/4/1970,"Salem, MA",Male,US Naval Academy; MIT,Mathematics,Ocean Engineering,US Navy,4376,31,STS-127 (Endeavor); ISS-35/36 (Soyuz),,
Eugene A. Cernan,1963.0,3.0,Retired,3/14/1934,"Chicago, IL",Male,Purdue University; US Naval Postgraduate School,Electrical Engineering,Aeronautical Engineering,US Navy,566,24,"Gemini 9, Apollo 10, Apollo 17",,
Roger B. Chaffee,1963.0,3.0,Deceased,2/15/1935,"Grand Rapids, MI",Male,Purdue University,Aeronautical Engineering,,US Navy,0,0,Apollo 1,1/27/1967,Apollo 1
Gregory E. Chamitoff,1998.0,17.0,Active,8/6/1962,"Montreal, Canada",Male,California Polytechnic State University; California Institute of Technology; MIT,Electrical Engineering,Aeronautical Engineering; Aeronautics & Astronautics,,4770,13,"STS-124/126 (Discovery/Endeavor), STS-134 (Endeavor)",,
Franklin R. Chang-Diaz,1980.0,9.0,Retired,4/5/1950,"San Jose, Costa Rica",Male,University of Connecticut; MIT,Mechanical Engineering,Applied Plasma Physics,,1602,19,"STS 61-C (Columbia), STS-34 (Atlantis), STS-46 (Atlantis), STS-60 (Discovery), STS-75 (Columbia), STS-91 (Discovery), STS-111 (Endeavor)",,
Philip K. Chapman,1967.0,6.0,Retired,3/5/1935,"Melbourne, Australia",Male,University of Sydney; MIT,Physics & Mathematics,Aeronautics & Astronautics; Instrumentation,,0,0,,,
Kalpana Chawla,1995.0,15.0,Deceased,6/1/1961,"Karnal, India",Female,Punjab Engineering College; University of Texas-Arlington; University of Colorado,Aeronautical Engineering,Aerospace Engineering,,734,0,"STS-87 (Columbia), STS-107 (Columbia)",2/1/2003,STS-107 (Columbia)
Leroy Chiao,1990.0,13.0,Retired,8/28/1960,"Milwaukee, WI",Male,University of California-Berkeley; University of California-Santa Barbara,Chemical Engineering,Chemical Engineering,,5503,36,"STS-65 (Columbia), STS-72 (Endeavor), STS-92 (Discovery), ISS-10 (Soyuz)",,
Kevin P. Chilton,1987.0,12.0,Retired,3/11/1954,"Los Angeles, CA",Male,US Air Force Academy; Columbia University,Engineering Science,Mechanical Engineering,US Air Force,700,0,"STS-49 (Endeavor), STS-59 (Endeavor), STS-76 (Atlantis)",,
Laurel B. Clark,1996.0,16.0,Deceased,3/10/1961,"Ames, IA",Female,University of Wisconsin-Madison,Zoology,Medicine,US Navy,382,0,STS-107 (Columbia),2/1/2003,STS-107 (Columbia)
Mary L. Cleave,1980.0,9.0,Retired,2/5/1947,"Southampton, NY",Female,Colorado State University; Utah State University,Biological Science,Microbial Ecology; Environmental Engineering,,262,0,"STS 61-B (Atlantis), STS-30 (Atlantis)",,
Michael R. Clifford,1990.0,13.0,Retired,10/13/1952,"San Bernardino, CA",Male,US Military Academy; Georgia Institute of Technology,,Aerospace Engineering,US Army,666,6,"STS-53 (Discovery), STS-59 (Endeavor), STS-76 (Atlantis)",,
Michael L. Coats,1978.0,8.0,Retired,1/16/1946,"Sacramento, CA",Male,US Naval Academy; George Washington University; US Naval Postgraduate School,,Science & Technology Administration; Aeronautical Engineering,US Navy,463,0,"STS 41-D (Discovery), STS-29 (Discovery), STS-39 (Discovery)",,
Kenneth D. Cockrell,1990.0,13.0,Management,4/9/1950,"Austin, TX",Male,University of Texas; University of West Florida,Mechanical Engineering,Aeronautical Systems,US Navy,1548,0,"STS-56 (Discovery), STS-69 (Endeavor), STS-80 (Columbia), STS-98 (Atlantis), STS-111 (Endeavor)",,
Catherine G. Coleman,1992.0,14.0,Active,12/14/1960,"Charleston, SC",Female,MIT; University of Massachusetts,Chemistry,Polymer Science & Engineering,US Air Force,4324,0,"STS-73 (Columbia), STS-93 (Columbia), ISS-26/27 (Soyuz)",,
Eileen M. Collins,1990.0,13.0,Retired,11/19/1959,"Elmira, NY",Female,Syracuse University; Stanford University; Webster University,Mathematics & Economics,Operations Research; Space Systems Management,US Air Force,890,0,"STS-63 (Discovery), STS-84 (Atlantis), STS-114 (Columbia), STS-93 (Discovery)",,
Michael Collins,1963.0,3.0,Retired,10/31/1930,"Rome, Italy",Male,US Military Academy,,,US Air Force,266,1,"Gemini 10, Apollo 11",,
Charles Conrad Jr. ,1962.0,2.0,Deceased,5/2/1930,"Philadelphia, PA",Male,Princeton University,Aeronautical Engineering,,US Navy,1179,12,"Gemini 5, Gemini 11, Apollo 12, Skylab 2",7/8/1999,
L. Gordon Cooper Jr. ,1959.0,1.0,Deceased,3/6/1927,"Shawnee, OK",Male,Air Force Institute of Technology,Aeronautical Engineering,,US Air Force,225,0,"Mercury 9, Gemini 5",10/4/2004,
Richard O. Covey,1978.0,8.0,Retired,8/1/1946,"Fayetteville, AR",Male,US Air Force Academy; Purdue University,Engineering Science,Aeronautics & Astronautics,US Air Force,645,0,"STS 51-l (Discovery), STS-26 (Discovery), STS-38 (Atlantis), STS-61 (Endeavor)",,
Timothy J. Creamer,1998.0,17.0,Management,11/15/1959,"Ft. Huachuca, AZ",Male,Loyola College; MIT,Chemistry,Physics,US Army,3917,0,ISS-22/23 (Soyuz),,
John O. Creighton,1978.0,8.0,Retired,4/28/1943,"Orange, TX",Male,US Naval Academy; George Washington University,,Science & Technology Administration,US Navy,404,0,"STS 51-G (Discovery), STS-36 (Atlantis), STS-48 (Discovery)",,
Robert L. Crippen,1969.0,7.0,Retired,9/11/1937,"Beaumont, TX",Male,University of Texas,Aerospace Engineering,,US Navy,565,0,"STS-1 (Columbia), STS-7 (Challenger), STS 41-C (Challenger), STS 41-G (Challenger)",,
Frank L. Culbertson Jr. ,1984.0,10.0,Retired,5/15/1949,"Charleston, SC",Male,US Naval Academy,Aerospace Engineering,,US Navy,3446,5,"STS-38 (Atlantis), STS-51 (Discovery), STS-105/108 (Discovery/Endeavor)",,
Walter Cunningham,1963.0,3.0,Retired,3/16/1932,"Creston, IA",Male,University of California-Los Angeles,Physics,Physics,US Marine Corps,260,0,Apollo 7,,
Robert L. Curbeam Jr. ,1995.0,15.0,Retired,3/5/1962,"Baltimore, MD",Male,US Naval Academy; US Naval Postgraduate School,Aerospace Engineering,Aerospace Engineering; Aeronautical & Astronautical Engineering,US Navy,902,45,"STS-85 (Discovery), STS-98 (Atlantis), STS-116 (Discovery)",,
Nancy J. Currie,1990.0,13.0,Management,12/29/1958,"Wilmington, DE",Female,Ohio State University; University of Southern California; University of Houston,Biological Science,Safety Engineering; Industrial Engineering,US Army,999,0,"STS-57 (Endeavor), STS-70 (Discovery), STS-88 (Endeavor), STS-109 (Columbia)",,
N. Jan Davis,1987.0,12.0,Retired,11/1/1953,"Cocoa Beach, FL",Female,Georgia Institute of Technology; Auburn University; University of Alabama-Huntsville,Applied Biology; Mechanical Engineering,Mechanical Engineering,,673,0,"STS-47 (Endeavor), STS-60 (Discovery), STS-85 (Discovery)",,
Alvin B. Drew Jr. ,2000.0,18.0,Active,11/5/1962,"Washington, DC",Male,US Air Force Academy; Embry-Riddle Aeronautical University,Physics & Astronautical Engineering,Aerospace Science; Political Science,US Air Force,613,13,"STS-118 (Endeavor), STS-133 (Discovery)",,
Brian Duffy,1985.0,11.0,Retired,6/20/1953,"Boston, MA",Male,US Air Force Academy; University of Southern California,Mathematics,Systems Management,US Air Force,977,0,"STS-45 (Atlantis), STS-57 (Endeavor), STS-72 (Endeavor), STS-92 (Discovery)",,
Charles M. Duke Jr. ,1966.0,5.0,Retired,10/3/1935,"Charlotte, NC",Male,US Naval Academy; MIT,Naval Sciences,Aeronautics,US Air Force,265,20,Apollo 16,,
Bonnie J. Dunbar,1980.0,9.0,Retired,3/3/1949,"Sunnyside, WA",Female,University of Washington; University of Houston,Ceramic Engineering,Ceramic Engineering; Biomedical Engineering,,1207,0,"STS 61-A (Challenger), STS-32 (Columbia), STS-50 (Columbia), STS-71 (Atlantis), STS-89 (Endeavor)",,
James P. Dutton Jr. ,2004.0,19.0,Management,11/20/1968,"Eugene, OR",Male,US Air Force Academy; University of Washington,Astronautical Engineering,Aeronautics & Astronautics,US Air Force,362,0,STS-131 (Discovery),,
Joe F. Edwards Jr. ,1995.0,15.0,Retired,2/3/1958,"Richmond, VA",Male,US Naval Academy; University of Tennessee-Knoxville,Aerospace Engineering,Aviation Systems,US Navy,211,0,STS-89 (Endeavor),,
Donn F. Eisele,1963.0,3.0,Deceased,5/23/1930,"Columbus, OH",Male,US Naval Academy; US Air Force Institute of Technology,Astronautics,Astronautics,US Air Force,260,0,Apollo 7,12/2/1987,
Anthony W. England,1967.0,6.0,Retired,5/15/1942,"Indianapolis, IN",Male,MIT,Geology,Geology; Geophysics,,190,0,STS 51-F (Challenger),,
Joe H. Engle,1966.0,5.0,Retired,8/26/1932,"Dickinson, KS",Male,University of Kansas,Aeronautical Engineering,,US Air Force,224,0,"STS-2 (Columbia), STS 51-I (Discovery)",,
Jeanette J. Epps,2009.0,20.0,Active,11/3/1970,"Syracuse, NY",Female,LeMoyne College; University of Maryland,Physics,Aerospace Engineering,,0,0,,,
Ronald E. Evans Jr. ,1966.0,5.0,Deceased,11/10/1933,"St. Francis, KS",Male,University of Kansas; US Naval Postgraduate School,Electrical Engineering,Aeronautical Engineering,US Navy,301,1,Apollo 17,4/6/1990,
John M. Fabian,1978.0,8.0,Retired,1/28/1939,"Goosecreek, TX",Male,Washington State University; US Air Force Institute of Technology; University of Washington,Mechanical Engineering,Aerospace Engineering; Aeronautics & Astronautics,US Air Force,316,0,"STS-7 (Challenger), STS 51-G (Discovery)",,
Christopher J. Ferguson,1998.0,17.0,Retired,9/1/1961,"Philadelphia, PA",Male,Drexel University; US Naval Postgraduate School,Mechanical Engineering,Aeronautical Engineering,US Navy,970,0,"STS-115 (Atlantis), STS-126 (Endeavor), STS-135 (Atlantis)",,
Andrew J. Feustel,2000.0,18.0,Active,8/25/1965,"Lancaster, PA",Male,Purdue University; Queenâ€™s University-Canada,Solid Earth Sciences,Geophysics; Seismology,,687,42,"STS-125 (Atlantis), STS-134 (Endeavor)",,
E. Michael Fincke,1996.0,16.0,Active,3/14/1967,"Pittsburgh, PA",Male,MIT; Stanford University; University of Houston-Clear Lake,"Aeronautics & Astronautics; Earth, Atmospheric & Planetary Sciences",Aeronautics & Astronautics; Physical Sciences,US Air Force,9159,48,"ISS-09 (Soyuz), ISS-18 (Soyuz), STS-134 (Endeavor)",,
Jack D. Fischer,2009.0,20.0,Active,1/23/1974,"Louisville, CO",Male,US Air Force Academy; MIT,Astronautical Engineering,Aeronautics & Astronautics,,0,0,,,
Anna L. Fisher,1978.0,8.0,Management,8/24/1949,"New York, NY",Female,University of California-Los Angeles,Chemistry,Chemistry; Medicine,,191,0,STS 51-A (Discovery),,
William F. Fisher,1980.0,9.0,Retired,4/1/1946,"Dallas, TX",Male,Stanford University; University of Houston; University of Florida,,Engineering; Medicine,,170,12,STS 51-I (Discovery),,
C. Michael Foale,1987.0,12.0,Active,1/6/1957,"Louth, England",Male,Cambridge University,Physics,Laboratory Astrophysics,,8970,22,"STS-45 (Atlantis), STS-56 (Discovery), STS-63 (Discovery), STS-84/86 (Atlantis), STS-103 (Discovery), ISS-08 (Soyuz)",,
Kevin A. Ford,2000.0,18.0,Active,7/7/1960,"Portland, IN",Male,University of Notre Dame; Troy State University; University of Florida; Air Force Institute of Technology,Aerospace Engineering,International Relations; Aerospace Engineering; Astronautical Engineering,US Air Force,3781,0,"STS-128 (Discovery), ISS-33/34 (Soyuz)",,
Michael J. Foreman,1998.0,17.0,Management,3/29/1957,"Columbus, OH",Male,US Naval Academy; US Naval Postgraduate School,Aerospace Engineering,Aeronautical Engineering,US Navy,637,32,"STS-123 (Endeavor), STS-129 (Atlantis)",,
Patrick G. Forrester,1996.0,16.0,Management,3/31/1957,"El Paso, TX",Male,US Military Academy; University of Virginia,Applied Science & Engineering,Mechanical & Aerospace Engineering,US Army,950,25,"STS-105 (Discovery), STS-117 (Atlantis), STS-128 (Discovery)",,
Michael E. Fossum,1998.0,17.0,Active,12/19/1957,"Sioux Falls, SD",Male,Texas A&M University; Air Force Institute of Technology; University of Houston-Clear Lake,Mechanical Engineering,Systems Engineering; Physical Science (Space Science),US Air Force,4651,48,"STS-121 (Discovery), STS-124 (Discovery), ISS-28/29 (Soyuz)",,
Theodore C. Freeman,1963.0,3.0,Deceased,2/18/1930,"Haversford, PA",Male,US Naval Academy; University of Michigan,,Aeronautical Engineering,US Air Force,0,0,,10/31/1964,
Stephen N. Frick,1996.0,16.0,Management,9/30/1961,"Pittsburgh, PA",Male,US Naval Academy; US Naval Postgraduate School,Aerospace Engineering,Aeronautical Engineering,US Navy,566,0,"STS-110 (Atlantis), STS-122 (Atlantis)",,
C. Gordon Fullerton,1969.0,7.0,Retired,10/11/1936,"Rochester, NY",Male,California Institute of Technology,Mechanical Engineering,Mechanical Engineering,US Air Force,382,0,"STS-3 (Columbia), STS 51-F (Challenger)",,
Ronald J. Garan Jr. ,2000.0,18.0,Management,10/20/1961,"Yonkers, NY",Male,State University of New York; Embry-Riddle Aeronautical University; University of Florida,Business Economics,Aeronautics; Aerospace Engineering,US Air Force,4271,27,"STS-124 (Discovery), ISS-27/28 (Soyuz)",,
Dale A. Gardner,1978.0,8.0,Retired,11/8/1948,"Fairmont, MN",Male,University of Illinois,Engineering Physics,,US Navy,336,12,"STS-8 (Challenger), STS 51-A (Discovery)",,
Guy S. Gardner,1980.0,9.0,Retired,1/6/1948,"Alta Vista, VA",Male,US Air Force Academy; Purdue University,Engineering Sciences; Astronautics & Mathematics,Astronautics,US Air Force,320,0,"STS-27 (Atlantis), STS-35 (Columbia)",,
Owen K. Garriott,1965.0,4.0,Retired,11/22/1930,"Enid, OK",Male,University of Oklahoma; Stanford University,Electrical Engineering,Electrical Engineering,,1674,14,"Skylab 3, STS-9 (Columbia)",,
Charles D. Gemar,1985.0,11.0,Retired,8/4/1955,"Yanktown, SD",Male,US Military Academy,Engineering,,US Army,581,0,"STS-38 (Atlantis), STS-48 (Discovery), STS-62 (Columbia)",,
Michael L. Gernhardt,1992.0,14.0,Management,5/4/1956,"Mansfield, OH",Male,Vanderbilt University; University of Pennsylvania,Physics,Bioengineering,,1039,23,"STS-69 (Endeavor), STS-83 (Columbia), STS-94 (Columbia), STS-104 (Atlantis)",,
Edward G. Gibson,1965.0,4.0,Retired,11/8/1936,"Buffalo, NY",Male,University of Rochester; California Institute of Technology,Engineering,Engineering,,2017,15,Skylab 4,,
Robert L. Gibson,1978.0,8.0,Retired,10/30/1946,"Cooperstown, NY",Male,California Polytechnic Institute,Aeronautical Engineering,,US Navy,868,0,"STS 41-B (Challenger), STS 61-C (Columbia), STS-27 (Atlantis), STS-47 (Endeavor), STS-71 (Atlantis)",,
Edward G. Givens Jr. ,1966.0,5.0,Deceased,1/5/1930,"Quanah, TX",Male,US Naval Academy,Naval Sciences,,US Air Force,0,0,,6/6/1967,
John H. Glenn Jr. ,1959.0,1.0,Retired,7/18/1921,"Cambridge, OH",Male,Muskingum College,Engineering,,US Marine Corps,218,0,"Mercury 6, STS-95 (Discovery)",,
Linda M. Godwin,1985.0,11.0,Retired,7/2/1952,"Cape Girardeau, MO",Female,Southeast Missouri State; University of Missouri,Mathematics & Physics,Physics,,918,10,"STS-37 (Atlantis), STS-59 (Endeavor), STS-76 (Atlantis), STS-108 (Endeavor)",,
Michael T. Good,2000.0,18.0,Management,10/13/1962,"Parma, OH",Male,University of Notre Dame,Aerospace Engineering,Aerospace Engineering,US Air Force,592,30,"STS-125 (Atlantis), STS-132 (Atlantis)",,
Richard F. Gordon Jr. ,1963.0,3.0,Retired,10/5/1929,"Seattle, WA",Male,University of Washington,Chemistry,,US Navy,315,0,"Gemini 11, Apollo 12",,
Dominic L. Gorie,1995.0,15.0,Retired,5/2/1957,"Lake Charles, LA",Male,US Naval Academy; University of Tennessee,Ocean Engineering,Aviation Systems,US Navy,1167,0,"STS-91 (Discovery), STS-99 (Endeavor), STS-123 (Endeavor), STS-108 (Endeavor)",,
Ronald J. Grabe,1980.0,9.0,Retired,6/13/1945,"New York, NY",Male,US Air Force Academy,Engineering Science,,US Air Force,627,0,"STS 51-J (Atlantis), STS-30 (Atlantis), STS-42 (Discovery), STS-57 (Endeavor)",,
Duane E. Graveline,1965.0,4.0,Retired,3/2/1931,"Newport, VT",Male,University of Vermont; Johns Hopkins University,,Public Health; Medicine,,0,0,,,
Frederick D. Gregory,1978.0,8.0,Retired,1/7/1941,"Washington, DC",Male,US Air Force Academy; George Washington University,,Information Systems,US Air Force,455,0,"STS 51-B (Challenger), STS-33 (Discovery), STS-44 (Atlantis)",,
William G. Gregory,1990.0,13.0,Retired,5/14/1957,"Lockport, NY",Male,US Air Force Academy; Columbia University; Troy State University,Engineering Science,Engineering Mechanics; Business Management,US Air Force,399,0,STS-67 (Endeavor),,
S. David Griggs,1978.0,8.0,Deceased,9/7/1939,"Portland, OR",Male,US Naval Academy; George Washington University,,Business Administration,,167,3,STS 51-D (Discovery),6/17/1989,
Virgil I. Grissom,1959.0,1.0,Deceased,4/3/1926,"Mitchell, IN",Male,Purdue University,Mechanical Engineering,,US Air Force,5,0,"Mercury 4, Gemini 3, Apollo 1",1/27/1967,Apollo 1
John M. Grunsfeld,1992.0,14.0,Management,10/10/1958,"Chicago, IL",Male,MIT; University of Chicago,Physics,Physics,,1407,58,"STS-67 (Endeavor), STS-81 (Atlantis), STS-103 (Discovery), STS-125 (Atlantis), STS-109 (Columbia)",,
Sidney M. Gutierrez,1984.0,10.0,Retired,6/27/1951,"Albuquerque, NM",Male,US Air Force Academy; Webster College,Aeronautical Engineering,Business Management,US Air Force,488,0,"STS-40 (Columbia), STS-59 (Endeavor)",,
Fred W. Haise Jr. ,1966.0,5.0,Retired,11/14/1933,"Biloxi, MS",Male,University of Oklahoma,Aeronautical Engineering,,,142,0,Apollo 13 ,,
James D. Halsell Jr. ,1990.0,13.0,Retired,9/29/1956,"Monroe, LA",Male,US Air Force Academy; Troy State University; US Air Force Institute of Technology,Engineering,Business Management; Space Operations,US Air Force,1258,0,"STS-65 (Columbia), STS-74 (Atlantis), STS-83 (Columbia), STS-94 (Columbia), STS-101 (Atlantis)",,
Kenneth T. Ham,1998.0,17.0,Retired,12/12/1964,"Plainfield, NJ",Male,US Naval Academy; US Naval Postgraduate School,Aerospace Engineering,Aeronautical Engineering,US Navy,612,0,"STS-124 (Discovery), STS-132 (Atlantis)",,
L. Blaine Hammond Jr. ,1984.0,10.0,Retired,1/16/1952,"Savannah, GA",Male,US Air Force Academy; Georgia Institute of Technology,Engineering Science,Engineering Science,US Air Force,462,0,"STS-39 (Discovery), STS-64 (Discovery)",,
Gregory J. Harbaugh,1987.0,12.0,Retired,4/15/1956,"Cleveland, OH",Male,Purdue University; University of Houston-Clear Lake,Aeronautical & Astronautical Engineering,Physical Science,,817,18,"STS-39 (Discovery), STS-54 (Endeavor), STS-71 (Atlantis), STS-82 (Discovery)",,
Bernard A. Harris Jr. ,1990.0,13.0,Retired,6/26/1956,"Temple, TX",Male,University of Houston; Texas Tech University,Biology,Medicine,,438,5,"STS-55 (Columbia), STS-63 (Discovery)",,
Terry J. Hart,1978.0,8.0,Retired,10/27/1946,"Pittsburgh, PA",Male,Lehigh University; MIT; Rutgers University,Mechanical Engineering,Mechanical Engineering; Electrical Engineering,,167,0,STS 41-C (Challenger),,
Henry W. Hartsfield Jr. ,1969.0,7.0,Retired,11/21/1933,"Birmingham, AL",Male,Auburn University; University of Tennessee,Physics,Engineering Science,US Air Force,482,0,"STS-4 (Columbia), STS 41-D (Discovery), STS 61-A (Challenger)",,
Frederick H. Hauck,1978.0,8.0,Retired,4/11/1941,"Long Beach, CA",Male,Tufts University; MIT,Physics,Nuclear Engineering,US Navy,435,0,"STS-7 (Challenger), STS 51-A (Discovery), STS-26 (Discovery)",,
Steven A. Hawley,1978.0,8.0,Retired,12/12/1951,"Ottawa, KS",Male,University of Kansas; University of California,Physics & Astronomy,Astronomy & Astrophysics,,770,0,"STS 41-D (Discovery), STS 61-C (Columbia), STS-31 (Discovery), STS-82 (Discovery), STS-93 (Columbia)",,
Susan J. Helms,1990.0,13.0,Retired,2/26/1958,"Charlotte, NC",Female,US Air Force Academy; Stanford University,Aeronautical Engineering,Aeronautics & Astronautics,US Air Force,5063,9,"STS-54 (Endeavor), STS-64 (Discovery), STS-78 (Columbia), STS-101 (Atlantis), STS-102/105 (Discovery)",,
Karl G. Henize,1967.0,6.0,Deceased,10/17/1926,"Cincinnati, OH",Male,University of Virginia; University of Michigan,Mathematics,Astronomy,,190,0,STS 51-F (Challenger),10/5/1993,
Terence T. Henricks,1985.0,11.0,Retired,7/5/1952,"Bryan, OH",Male,US Air Force Academy; Golden Gate University,Civil Engineering,Public Administration,US Air Force,1026,0,"STS-44 (Atlantis), STS-55 (Columbia), STS-70 (Discovery), STS-78 (Columbia)",,
Jose M. Hernandez,2004.0,19.0,Retired,8/7/1962,"French Camp, CA",Male,University of the Pacific; University of California-Santa Barbara,Electrical Engineering,Electrical & Computer Engineering,,332,0,STS-128 (Discovery),,
John B. Herrington,1996.0,16.0,Retired,9/14/1958,"Wetumka, OK",Male,University of Colorado; US Naval Postgraduate School,Applied Mathematics,Aeronautical Engineering,US Navy,330,20,STS-113 (Endeavor),,
Richard J. Hieb,1985.0,11.0,Retired,9/21/1955,"Jamestown, ND",Male,Northwest Nazarene College; University of Colorado,Mathematics & Physics,Aerospace Engineering,,766,18,"STS-39 (Discovery), STS-49 (Endeavor), STS-65 (Columbia)",,
Joan E. Higginbotham,1996.0,16.0,Retired,8/3/1964,"Chicago, IL",Female,Southern Illinois University-Carbondale; Florida Institute of Technology,Electrical Engineering,Business Management; Space Systems,,308,0,STS-116 (Discovery),,
David C. Hilmers,1980.0,9.0,Retired,1/28/1950,"Clinton, IA",Male,Cornell University; US Naval Postgraduate School,Mathematics,Electrical Engineering,US Marine Corps,494,0,"ST 51-J (Atlantis), STS-26 (Discovery), STS-36 (Atlantis), STS-42 (Discovery)",,
Kathryn P. Hire,1995.0,15.0,Management,8/26/1959,"Mobile, AL",Female,US Naval Academy; Florida State Institute of Technology,Engineering Management,Space Technology,US Navy,711,0,"STS-90 (Columbia), STS-130 (Endeavor)",,
Charles O. Hobaugh,1996.0,16.0,Retired,11/5/1961,"Bar Harbor, ME",Male,US Naval Academy,Aerospace Engineering,,US Marine Corps,873,0,"STS-104 (Atlantis), STS-118 (Endeavor), ST-129 (Atlantis)",,
Jeffrey A. Hoffman,1978.0,8.0,Retired,11/2/1944,"Brooklyn, NY",Male,Amherst College; Rice University; Harvard University,Astronomy,Materials Science; Astrophysics,,1211,25,"STS 51-D (Discovery), STS-35 (Columbia), STS-46 (Atlantis), STS-61 (Endeavor), STS-75 (Columbia)",,
Donald L. Holmquest,1967.0,6.0,Retired,4/7/1939,"Dallas, TX",Male,Southern Methodist University; Baylor University; University of Houston,Electrical Engineering,Physiology; Medicine; Law,,0,0,,,
Michael S. Hopkins,2009.0,20.0,Active,12/28/1968,"Lebanon, MO",Male,University of Illinois; Stanford University,Aerospace Engineering,Aerospace Engineering,US Air Force,3990,13,ISS-37/38 (Soyuz),,
Scott J. Horowitz,1992.0,14.0,Retired,3/24/1957,"Philadelphia, PA",Male,California State University-Northridge; Georgia Institute of Technology,Engineering,Aerospace Engineering,US Air Force,1137,0,"STS-75 (Columbia), STS-82 (Discovery), STS-101 (Atlantis), STS-105 (Discovery)",,
Douglas G. Hurley,2000.0,18.0,Active,10/21/1966,"Endicott, NY",Male,Tulane University,Civil Engineering,,US Marine Corps,683,0,"STS-127 (Endeavor), STS-135 (Atlantis)",,
Rick D. Husband,1995.0,15.0,Deceased,7/12/1957,"Amarillo, TX",Male,Texas Tech University; California State University,Mechanical Engineering,Mechanical Engineering,US Air Force,617,0,"STS-96 (Discovery), STS-107 (Columbia)",2/1/2003,STS-107 (Columbia)
James B. Irwin,1966.0,5.0,Deceased,3/17/1930,"Pittsburgh, PA",Male,US Naval Academy; University of Michigan,Naval Sciences,Aeronautical Engineering,US Air Force,295,20,Apollo 15,8/8/1991,
Marsha S. Ivins,1984.0,10.0,Retired,4/15/1951,"Baltimore, MD",Female,University of Colorado,Aerospace Engineering,,,1341,0,"STS-32 (Columbia), STS-46 (Atlantis), STS-62 (Columbia), STS-81 (Atlantis), STS-98 (Atlantis)",,
Mae C. Jemison,1987.0,12.0,Retired,10/17/1956,"Decatur, AL",Female,Stanford University; Cornell University,Chemical Engineering,Medicine,,190,0,STS-47 (Endeavor),,
Tamara E. Jernigan,1985.0,11.0,Retired,5/7/1959,"Chattanooga, TN",Female,Stanford University; University of California-Berkeley; Rice University,Physics,Engineering Science; Astronomy,,1489,8,"STS-40 (Columbia), STS-52 (Columbia), STS-67 (Endeavor), STS-80 (Columbia), STS-98 (Discovery)",,
Brent W. Jett,1992.0,14.0,Retired,10/5/1958,"Pontiac, MI",Male,US Naval Academy; US Naval Postgraduate School,Aerospace Engineering,Aeronautical Engineering,US Navy,1002,0,"STS-72 (Endeavor), STS-81 (Atlantis), STS-97 (Endeavor), STS-115 (Atlantis)",,
Gregory C. Johnson,1998.0,17.0,Management,7/30/1954,"Seattle, WA",Male,University of Washington,Aerospace Engineering,,US Navy,309,0,STS-125 (Atlantis),,
Gregory H. Johnson,1998.0,17.0,Active,5/12/1962,"London, England",Male,US Air Force Academy; Columbia University; University of Texas,Aeronautical Engineering,Flight Structures Engineering; Business Administration,US Air Force,755,0,"STS-123 (Endeavor), STS-134 (Endeavor)",,
Thomas D. Jones,1990.0,13.0,Retired,1/22/1955,"Baltimore, MD",Male,US Air Force Academy; University of Arizona,,Planetary Science,,1272,20,"STS-59 (Endeavor), STS-68 (Endeavor), STS-80 (Columbia), STS-98 (Atlantis)",,
Janet L. Kavandi,1995.0,15.0,Management,7/17/1959,"Springfield, MO",Female,Missouri Southern State College; University of Missouri; University of Washington,Chemistry,Chemistry,,812,0,"STS-91 (Discovery), STS-99 (Endeavor), STS-104 (Atlantis)",,
James M. Kelly,1996.0,16.0,Management,5/14/1964,"Burlington, IA",Male,US Air Force Academy; University of Alabama,Astronautical Engineering,Aerospace Engineering,US Air Force,641,0,"STS-102 (Discovery), STS-114 (Discovery)",,
Mark E. Kelly,1996.0,16.0,Retired,2/21/1964,"Orange, NJ",Male,US Merchant Marine Academy; US Naval Postgraduate School,Marine Engineering & Nautical Science,Aeronautical Engineering,US Navy,1298,0,"STS-108 (Endeavor), STS-121 (Discovery), STS-124 (Discovery), STS-134 (Endeavor)",,
Scott J. Kelly,1996.0,16.0,Active,2/21/1964,"Orange, NJ",Male,State University of New York Maritime College; University of Tennessee-Knoxville,Electrical Engineering,Aviation Systems,US Navy,12490,18,"STS-103 (Discovery), STS-118 (Endeavor), ISS-25/26 (Soyuz), ISS-43/44/45/46 (Soyuz)",,
Joseph P. Kerwin,1965.0,4.0,Retired,2/19/1932,"Oak Park, IL",Male,College of the Holy Cross; Northwestern University,Philosophy,Medicine,US Navy,672,3,Skylab 2,,
Susan L. Kilrain (Still),1995.0,15.0,Retired,10/24/1961,"Augusta, GA",Female,Embry-Riddle University; Georgia Institute of Technology,Astronautical Engineering,Aerospace Engineering,US Navy,472,0,"STS-83 (Columbia), STS-94 (Columbia)",,
Robert Shane Kimbrough,2004.0,19.0,Active,6/4/1967,"Killeen, TX",Male,US Military Academy; Georgia Institute of Technology,Aerospace Engineering,Operations Research,US Army,3720,25,"STS-126 (Endeavor), ISS-49/50 (Soyuz)",,
Timothy L. Kopra,2000.0,18.0,Active,4/9/1963,"Austin, TX",Male,US Military Academy; Georgia Institute of Technology; US Army War College,Computer Science,Aerospace Engineering; Strategic Studies,US Army,5857,13,"STS-127/128 (Endeavor/Discovery), ISS-46/47 (Soyuz)",,
Kevin R. Kregel,1992.0,14.0,Retired,9/16/1956,"New York, NY",Male,US Air Force Academy; Troy State University,Astronautical Engineering,Public Administration,,1265,0,"STS-70 (Discovery), STS-78 (Columbia), STS-87 (Columbia), STS-99 (Endeavor)",,
Wendy B. Lawrence,1992.0,14.0,Retired,7/2/1959,"Jacksonville, FL",Female,US Naval Academy; MIT,Ocean Engineering,Ocean Engineering,US Navy,1223,0,"STS-67 (Endeavor), STS-86 (Atlantis), STS-91 (Discovery), STS-114 (Discovery)",,
Mark C. Lee,1984.0,10.0,Retired,8/14/1952,"Viroqua, WI",Male,US Air Force Academy; MIT,Civil Engineering,Mechanical Engineering,US Air Force,789,26,"STS-30 (Atlantis), STS-47 (Endeavor), STS-64 (Discovery), STS-82 (Discovery)",,
David C. Leestma,1980.0,9.0,Management,5/6/1949,"Muskegon, MI",Male,US Naval Academy; US Naval Postgraduate School,Aeronautical Engineering,Aeronautical Engineering,US Navy,532,3,"STS 41-G (Challenger), STS-28 (Columbia), STS-45 (Atlantis)",,
William B. Lenoir,1967.0,6.0,Deceased,3/14/1939,"Miami, FL",Male,MIT,Electrical Engineering,Electrical Engineering,,122,0,STS-5 (Columbia),8/26/2012,
Don L. Lind,1966.0,5.0,Retired,5/18/1930,"Midvale, UT",Male,University of Utah; University of California-Berkley,Physics,Nuclear Physics,,168,0,STS 51-B (Challenger),,
Kjell N. Lindgren,2009.0,20.0,Active,1/23/1973,"Taipei, Taiwan",Male,US Air Force Academy; University of Colorado; Colorado State University; University of Minnesota; University of Texas Medical Branch-Galveston,Biology,Medicine; Cardiovascular Physiology; Health Informatics; Public Health,,3400,15,ISS-44/45 (Soyuz),,
Steven W. Lindsey,1995.0,15.0,Retired,8/24/1960,"Arcadia, CA",Male,US Air Force Academy; US Air Force Institute of Technology,Engineering Science,Aeronautical Engineering,US Air Force,1510,0,"STS-87 (Columbia), STS-95 (Discovery), STS-104 (Atlantis), STS-121 (Discovery), STS-133 (Discovery)",,
Jerry M. Linenger,1992.0,14.0,Retired,1/16/1955,"Mount Clemens, MI",Male,US Naval Academy; University of Southern California; University of North Carolina; Wayne State University,Bioscience,Systems Management; Public Health; Medicine; Epidemiology,US Navy,3435,5,"STS-64 (Discovery), STS-81/84 (Atlantis)",,
Richard M. Linnehan,1992.0,14.0,Management,9/19/1957,"Lowell, MA",Male,University of New Hampshire; Ohio State University; Harvard University,Animal Science,Veterinary Medicine; Public Administration,,1427,43,"STS-78 (Columbia), STS-90 (Columbia), STS-109 (Columbia), STS-123 (Endeavor)",,
John A. Llewellyn,1967.0,6.0,Retired,4/22/1933,"Cardiff, Wales",Male,University College at Cardiff,Chemistry,Chemistry,,0,0,,,
Paul S. Lockhart,1996.0,16.0,Retired,4/28/1956,"Amarillo, TX",Male,Texas Tech University; University of Texas,Mathematics,Aerospace Engineering,US Air Force,663,0,"STS-111 (Endeavor), STS-113 (Endeavor)",,
Michael E. Lopez-Alegria,1992.0,14.0,Retired,5/30/1958,"Madrid, Spain",Male,US Naval Academy; US Naval Postgraduate School,Systems Engineering,Aeronautical Engineering,US Navy,6190,67,"STS-73 (Columbia), STS-92 (Discovery), STS-113 (Endeavor), ISS-14 (Soyuz)",,
Christopher J. Loria,1996.0,16.0,Retired,7/9/1960,"Belmont, MA",Male,US Naval Academy; Harvard University,Engineering,Public Administration,US Marine Corps,0,0,,,
J. Mike Lounge,1980.0,9.0,Deceased,6/28/1946,"Denver, CO",Male,US Naval Academy; University of Colorado,Mathematics & Physics,Astrogeophysics,,483,0,"STS 51-I (Discovery), STS-26 (Discovery), STS-35 (Columbia)",3/1/2011,
Jack R. Lousma,1966.0,5.0,Retired,2/29/1936,"Grand Rapids, MI",Male,University of Michigan; US Naval Postgraduate School,Aeronautical Engineering,Aeronautical Engineering,US Marine Corps,1619,11,"Skylab 3, STS-3 (Columbia)",,
Stanley G. Love,1998.0,17.0,Management,6/8/1965,"San Diego, CA",Male,Harvey Mudd College; University of Washington,Physics,Astronomy,,306,15,STS-122 (Atlantis),,
James A. Lovell Jr. ,1962.0,2.0,Retired,3/25/1928,"Cleveland, OH",Male,US Naval Academy,,,US Navy,715,0,"Gemini 7, Gemini 12, Apollo 8, Apollo 13",,
G. David Low,1984.0,10.0,Deceased,2/19/1956,"Cleveland, OH",Male,Washington & Lee University; Cornell University; Stanford University,Physics & Engineering,Mechanical Engineering; Aeronautics & Astronautics,,714,6,"STS-32 (Columbia), STS-43 (Atlantis), STS-57 (Endeavor)",3/15/2008,
Edward T. Lu,1995.0,15.0,Retired,7/1/1963,"Springfield, MA",Male,Cornell University; Stanford University,Electrical Engineering,Applied Physics,,4962,6,"STS-84 (Atlantis), STS-106 (Atlantis), ISS-07 (Soyuz)",,
Shannon W. Lucid,1978.0,8.0,Retired,1/14/1943,"Shanghai, China",Female,University of Oklahoma,Chemistry,Biochemistry,,5354,0,"STS 51-G (Discovery), STS-34 (Atlantis), STS-43 (Atlantis), STS-58 (Columbia), STS-76/79 (Atlantis)",,
Sandra H. Magnus,1996.0,16.0,Retired,10/30/1964,"Belleville, IL",Female,University of Missouri-Rolla; Georgia Institute of Technology,Physics,Electrical Engineering; Materials Science & Engineering,,3776,0,"STS-112 (Atlantis), STS-126/119 (Endeavor/Discovery), STS-135 (Atlantis)",,
Thomas H. Marshburn,2004.0,19.0,Active,8/29/1960,"Statesville, NC",Male,Davidson College; University of Virginia; Wake Forest University; University of Texas Medical Branch-Galveston,Physics,Engineering Physics; Medicine; Medical Science,,3871,24,"STS-127 (Endeavor), ISS-34/35 (Soyuz)",,
Michael J. Massimino,1996.0,16.0,Management,8/19/1962,"Oceanside, NY",Male,Columbia University; MIT,Industrial Engineering,Technology & Policy; Mechanical Engineering,,571,30,"STS-109 (Columbia), STS-125 (Atlantis)",,
Richard A. Mastracchio,1996.0,16.0,Active,2/11/1960,"Waterbury, CT",Male,University of Connecticut; Rensselaer Polytechnic Institute; University of Houston-Clear Lake,Electrical Engineering; Computer Science,Electrical Engineering; Physical Sciences,,5461,53,"STS-106 (Atlantis), STS-118 (Endeavor), STS-131 (Discovery), ISS-38/39 (Soyuz)",,
Thomas K. Mattingly II ,1966.0,5.0,Retired,3/17/1936,"Chicago, IL",Male,Auburn University,Aeronautical Engineering,,US Navy,508,1,"Apollo 16, STS-4 (Columbia), STS 51-C (Discovery)",,
K. Megan McArthur,2000.0,18.0,Active,8/30/1971,"Honolulu, HI",Female,University of California-Los Angeles; University of California-San Diego,Aerospace Engineering,Oceanography,,309,0,STS-125 (Atlantis),,
William S. McArthur Jr. ,1990.0,3.0,Management,7/26/1951,"Laurinburg, NC",Male,US Military Academy; Georgia Institute of Technology,Applied Science & Engineering,Aerospace Engineering,US Army,5398,24,"STS-58 (Columbia), STS-74 (Atlantis), STS-92 (Discovery), ISS-12 (Soyuz)",,
Jon A. McBride,1978.0,8.0,Retired,8/14/1943,"Charleston, WV",Male,US Naval Postgraduate School,Aeronautical Engineering,,US Navy,197,0,STS 41-G (Challenger),,
Bruce McCandless II ,1966.0,5.0,Retired,6/8/1937,"Boston, MA",Male,US Naval Academy; Stanford University; University of Houston-Clear Lake,,Electrical Engineering; Business Administration,US Navy,312,12,"STS 41-B (Challenger), STS-31 (Discovery)",,
William C. McCool,1996.0,16.0,Deceased,9/23/1961,"San Diego, CA",Male,US Naval Academy; University of Maryland; US Naval Postgraduate School,Naval Sciences,Computer Science; Aeronautical Engineering,US Navy,382,0,STS-107 (Columbia),2/1/2003,STS-107 (Columbia)
Michael J. McCulley,1984.0,10.0,Retired,8/4/1943,"San Diego, CA",Male,Purdue University,Metallurgical Engineering,Metallurgical Engineering,US Navy,119,0,STS-34 (Atlantis),,
James A. McDivitt,1984.0,2.0,Retired,6/10/1929,"Chicago, IL",Male,University of Michigan,Astronautical Engineering,,US Air Force,338,0,"Gemini 4, Apollo 9",,
Donald R. McMonagle,1987.0,12.0,Retired,5/14/1952,"Flint, MI",Male,US Air Force Academy; California State University-Fresno,Astronautical Engineering,Mechanical  Engineering,US Air Force,605,0,"STS-39 (Discovery), STS-54 (Endeavor), STS-66 (Atlantis)",,
Ronald E. McNair,1978.0,8.0,Deceased,10/21/1950,"Lake City, SC",Male,North Carolina A&T State College; MIT,Physics,Physics,,191,0,"STS 41-B (Challenger), STS 51-L (Challenger)",1/28/1986,STS 51-L (Challenger)
Carl J. Meade,1985.0,11.0,Retired,11/16/1950,"Chanute Air Force Base, IL",Male,University of Texas; California Institute of Technology,Electronics Engineering,Electronics Engineering,US Air Force,712,6,"STS-38 (Atlantis), STS-50 (Columbia), STS-64 (Discovery)",,
Bruce E. Melnick,1987.0,12.0,Retired,12/5/1949,"New York, NY",Male,US Coast Guard Academy; West Florida University,Engineering,Aeronautical Systems,US Coast Guard,311,0,"STS-41 (Discovery), STS-49 (Endeavor)",,
Pamela A. Melroy,1995.0,15.0,Retired,9/17/1961,"Palo Alto, CA",Female,Wellesley College; MIT,Physics & Astronomy,Earth & Planetary Sciences,US Air Force,914,0,"STS-92 (Discovery), STS-112 (Atlantis), STS-120 (Discovery)",,
Leland D. Melvin,1998.0,17.0,Management,2/15/1964,"Lynchburg, VA",Male,University of Richmond; University of Virginia,Chemistry,Materials Science Engineering,,565,0,"STS-122 (Atlantis), STS-129 (Atlantis)",,
Dorothy M. Metcalf-Lindenberger,2004.0,19.0,Active,5/2/1975,"Colorado Springs, CO",Female,Whitman College,Geology,,,362,0,STS-131 (Discovery),,
F. Curtis Michel,1965.0,4.0,Retired,6/5/1934,"LaCrosse, WI",Male,California Institute of Technology,Physics,Physics,,0,0,,,
Edgar D. Mitchell,1966.0,5.0,Retired,9/17/1930,"Hereford, TX",Male,Carnegie-Mellon University; US Naval Postgraduate School; MIT,Industrial Management,Aeronautical Engineering; Aeronautics & Astronautics,US Navy,216,9,Apollo 14,,
Barbara R. Morgan,1998.0,17.0,Retired,11/28/1951,"Fresno, CA",Female,Stanford University,Human Biology,,,305,0,STS-118 (Endeavor),,
Lee M. Morin,1996.0,16.0,Management,9/9/1952,"Manchester, NH",Male,University of New Hampshire; University of Alabama-Birmingham; New York University,Mathematical & Electrical Science,Public Health; Biochemistry; Medicine; Microbiology,US Navy,259,14,STS-110 (Atlantis),,
Richard M. Mullane,1978.0,8.0,Retired,9/10/1945,"Wichita Falls, TX",Male,US Military Academy; US Air Force Institute of Technology,Military Engineering,Aeronautical Engineering,US Air Force,356,0,"STS 41-D (Discovery), STS-27 (Atlantis), STS-36 (Atlantis)",,
Story Musgrave,1967.0,6.0,Retired,8/19/1935,"Boston, MA",Male,Syracuse University; Marietta College; University of California-Los Angeles; University of Kentucky; University of Houston; Columbia University,Mathematics & Statistics; Chemistry,Business Administration; Physiology; Literature; Medicine,,1281,26,"STS-6 (Challenger), STS 51-F (Challenger), STS-33 (Discovery), STS-44 (Atlantis), STS-61 (Endeavor), STS-80 (Columbia)",,
Steven R. Nagel,1978.0,8.0,Retired,10/27/1946,"Canton, IL",Male,University of Illinois; California State University-Fresno,Aerospace Engineering,Mechanical  Engineering,US Air Force,721,0,"STS 51-G (Discovery), STS 61-A (Challenger), STS-37 (Atlantis), STS-55 (Columbia)",,
George D. Nelson,1978.0,8.0,Retired,7/13/1950,"Charles City, IA",Male,Harvey Mudd College; University of Washington,Physics,Astronomy,,411,10,"STS 41-C (Challenger), STS 61-C (Columbia), STS-26 (Discovery)",,
James H. Newman,1990.0,13.0,Retired,10/16/1956,"San Diego, CA",Male,Dartmouth College; Rice University,Physics,Physics,,1042,43,"STS-51 (Discovery), STS-69 (Endeavor), STS-88 (Endeavor), STS- 109 (Columbia)",,
Carlos I. Noriega,1995.0,15.0,Retired,10/8/1959,"Lima, Peru",Male,University of Southern California; US Naval Postgraduate School,Computer Science,Computer Science; Space Systems Operations,US Marine Corps,481,19,"STS-84 (Atlantis), STS-97 (Endeavor)",,
Lisa M. Nowak,1996.0,16.0,Retired,5/10/1963,"Washington, DC",Female,US Naval Academy; US Naval Postgraduate School,Aerospace Engineering,Aeronautical Engineering,US Navy,306,0,STS-121 (Discovery),,
Karen L. Nyberg,2000.0,18.0,Active,10/7/1969,"Parkerâ€™s Prairie, MN",Female,University of North Dakota; University of Texas,Mechanical Engineering,Mechanical Engineering,,4320,0,"STS-124 (Discovery), ISS-36/37 (Soyuz)",,
Bryan D. O'Connor,1980.0,9.0,Retired,9/6/1946,"Orange, CA",Male,US Naval Academy; West Florida University,Engineering,Aeronautical Systems,US Marine Corps,383,0,"STS 61-B (Atlantis), STS-40 (Columbia)",,
Brian T. O'Leary,1967.0,6.0,Deceased,1/27/1940,"Boston, MA",Male,Williams College; Georgetown University; University of California-Berkeley,Physics,Astronomy,,0,0,,7/28/2011,
Ellen Ochoa,1990.0,13.0,Management,5/10/1958,"Los Angeles, CA",Female,San Diego State University; Stanford University,Physics,Electrical Engineering,,979,0,"STS-56 (Discovery), STS-66 (Atlantis), STS-96 (Discovery), STS-110 (Atlantis)",,
William A. Oefelein,1998.0,17.0,Retired,3/29/1965,"Ft. Belvoir, VA",Male,Oregon State University; University of Tennessee,Electrical Engineering,Aviation Systems,US Navy,308,0,STS-116 (Discovery),,
John D. Olivas,1998.0,17.0,Retired,5/25/1966,"North Hollywood, CA",Male,University of Texas-El Paso; University of Houston; Rice University,Mechanical Engineering,Mechanical  Engineering; Mechanical  Engineering & Materials Science,,665,34,"STS-117 (Atlantis), STS-128 (Discovery)",,
Ellison S. Onizuka,1978.0,8.0,Deceased,6/24/1946,"Kealakekua, HI",Male,University of Colorado,Aerospace Engineering,Aerospace Engineering,US Air Force,73,0,"STS 51-C (Discovery), STS 51-L (Challenger)",1/28/1986,STS 51-L (Challenger)
Stephen S. Oswald,1985.0,11.0,Retired,6/30/1951,"Seattle, WA",Male,US Naval Academy,Aerospace Engineering,,,814,0,"STS-42 (Discovery), STS-56 (Discovery), STS-67 (Endeavor)",,
Robert F. Overmyer,1969.0,7.0,Deceased,7/14/1936,"Lorain, OH",Male,Baldwin Wallace College; US Naval Postgraduate School,Physics,Aeronautics,US Marine Corps,290,0,"STS-5 (Columbia), STS 51-B (Challenger)",3/22/1996,
Scott E. Parazynski,1992.0,14.0,Retired,7/28/1961,"Little Rock, AR",Male,Stanford University,Biology,Medicine,,1404,47,"STS-66 (Atlantis), STS-86 (Atlantis), STS-95 (Discovery), STS-100 (Endeavor), STS-120 (Discovery)",,
Robert A. Parker,1967.0,6.0,Retired,12/14/1936,"New York, NY",Male,Amherst College; California Institute of Technology,Physics & Astronomy,Astronomy,,462,0,"STS-9 (Columbia), STS-35 (Columbia)",,
Niclolas J. M. Patrick,1998.0,17.0,Retired,3/22/1964,"North Yorkshire, England",Male,University of Cambridge; MIT,Engineering,Engineering; Mechanical Engineering,,638,18,"STS-116 (Discovery), STS-130 (Endeavor)",,
Donald H. Peterson,1969.0,7.0,Retired,10/22/1933,"Winona, MS",Male,US Military Academy; US Air Force Institute of Technology,,Nuclear Engineering,US Air Force,120,4,STS-6 (Challenger),,
Donald R. Pettit,1996.0,16.0,Active,4/20/1955,"Silverton, OR",Male,Oregon State University; University of Arizona,Chemical Engineering,Chemical Engineering,,8872,13,"ISS-6 (Soyuz), STS-126 (Endeavor), ISS-30/31 (Soyuz)",,
John L. Phillips,1996.0,16.0,Retired,4/15/1951,"Ft. Belvoir, VA",Male,US Naval Academy; University of West Florida; University of California-Los Angeles,Mathematics; Russian,Aeronautical Systems; Geophysics & Space Physics,US Navy,4880,5,"STS-100 (Endeavor), ISS-11 (Soyuz), STS-119 (Discovery)",,
William R. Pogue,1966.0,5.0,Retired,1/23/1930,"Okemah, OK",Male,Oklahoma Baptist University; Oklahoma State University,Education,Mathematics,US Air Force,2017,13,Skylab 4,,
Alan G. Poindexter,1998.0,17.0,Deceased,11/5/1961,"Pasadena, CA",Male,Georgia Institute of Technology; US Naval Postgraduate School,Aerospace Engineering,Aeronautical Engineering,US Navy,669,0,"STS-122 (Atlantis), STS-131 (Discovery)",7/1/2012,
Mark L. Polansky,1996.0,16.0,Retired,6/2/1956,"Paterson, NJ",Male,Purdue University,Aeronautical & Astronautical Engineering,Aeronautical & Astronautical Engineering,,995,0,"STS-98 (Atlantis), ST-116 (Discovery), STS-127 (Endeavor)",,
Charles J. Precourt,1990.0,13.0,Retired,6/29/1955,"Waltham, MA",Male,US Air Force Academy; Golden Gate University; US Naval War College,Aeronautical Engineering,Engineering Management; Strategic Studies,US Air Force,950,0,"STS-55 (Columbia), STS-71 (Atlantis), STS-84 (Atlantis), STS-91 (Discovery)",,
William F. Readdy,1987.0,12.0,Retired,1/24/1952,"Quonset Point, RI",Male,US Naval Academy,Aerospace Engineering,,US Navy,672,0,"STS-42 (Discovery), STS-51 (Discovery), STS-79 (Atlantis)",,
Kenneth S. Reightler Jr. ,1987.0,12.0,Retired,3/24/1951,"Patuxent River, MD",Male,US Naval Academy; US Naval Postgraduate School; University of Southern California,Aerospace Engineering,Aeronautical Engineering; Systems Management,US Navy,327,0,"STS-48 (Discovery), STS-60 (Discovery)",,
James F. Reilly II ,1995.0,15.0,Retired,3/18/1954,"Mountain Home Air Force Base, ID",Male,University of Texas-Dallas,Geosciences,Geosciences,,854,31,"STS-89 (Endeavor), STS-104 (Atlantis), STS-117 (Atlantis)",,
Garrett E. Reisman,1998.0,17.0,Retired,2/10/1968,"Morristown, NJ",Male,University of Pennsylvania; California Institute of Technology,Economics,Mechanical  Engineering,,2571,21,"STS-123/124 (Endeavor/Discovery), STS-132 (Atlantis)",,
Judith A. Resnik,1978.0,8.0,Deceased,4/5/1949,"Akron, OH",Female,Carnegie-Mellon University; University of Maryland,Electrical Engineering,Electrical Engineering,,144,0,"STS 41-D (Discovery), STS 51-L (Challenger)",1/28/1986,STS 51-L (Challenger)
Paul W. Richards,1996.0,16.0,Management,5/20/1964,"Scranton, PA",Male,Drexel University; University of Maryland,Mechanical Engineering,Mechanical Engineering,,307,6,STS-102 (Discovery),,
Richard N. Richards,1980.0,9.0,Retired,8/24/1946,"Key West, FL",Male,University of Missouri; University of West Florida,Chemical Engineering,Aeronautical Systems,US Navy,813,0,"STS-28 (Columbia), STS-41 (Discovery), STS-50 (Columbia), STS-64 (Discovery)",,
Sally K. Ride,1978.0,8.0,Deceased,5/26/1951,"Los Angeles, CA",Female,Stanford University,Physics; English,Physics,,343,0,"STS-7 (Challenger), STS 41-G (Challenger)",7/23/2012,
Patricia Hilliard Robertson,1998.0,17.0,Deceased,3/12/1963,"Indiana, PA",Female,Indiana University of Pennsylvania; Medical College of Pennsylvania,Biology,Medicine,,0,0,,5/24/2001,
Stephen K. Robinson,1995.0,15.0,Retired,10/26/1955,"Sacramento, CA",Male,University of California-Davis; Stanford University,Mechanical & Aeronautical Engineering,Mechanical  Engineering,,1162,20,"STS-85 (Discovery), STS-95 (Discovery), STS-114 (Discovery), STS-130 (Endeavor)",,
Kent V. Rominger,1992.0,14.0,Retired,8/7/1956,"Del Norte, CO",Male,Colorado State University; US Naval Postgraduate School,Civil Engineering,Aeronautical Engineering,US Navy,1611,0,"STS-73 (Columbia), STS-80 (Columbia), STS-85 (Discovery), STS-96 (Discovery), STS-100 (Endeavor)",,
Stuart A. Roosa,1966.0,5.0,Deceased,8/16/1933,"Durango, CO",Male,University of Colorado,Aeronautical Engineering,,US Air Force,216,0,Apollo 14,12/12/1994,
Jerry L. Ross,1980.0,9.0,Retired,1/20/1948,"Crown Point, IN",Male,Purdue University,Mechanical Engineering,Mechanical Engineering,US Air Force,1393,58,"ST 61-B (Atlantis), ST-27 (Atlantis), ST-37 (Atlantis), STS-55 (Columbia), STS-74 (Atlantis), STS-88 (Endeavor), STS-110 (Atlantis)",,
Kathleen Rubins,2009.0,20.0,Active,10/14/1978,"Farmington, CT",Female,University of California-San Diego; Stanford University,Molecular Biology,Cancer Biology,,2762,13,ISS-48/49 (Soyuz),,
Robert L. Satcher Jr. ,2004.0,19.0,Retired,9/22/1965,"Hampton, VA",Male,MIT; Harvard University,Chemical Engineering,Chemical Engineering; Medicine,,259,12,STS-129 (Atlantis),,
Walter M. Schirra Jr. ,1959.0,1.0,Deceased,3/12/1923,"Hackensack, NJ",Male,US Naval Academy,Naval Sciences,,US Navy,295,0,"Mercury 8, Gemini 6, Apollo 7",5/2/2007,
Harrison H. Schmitt,1965.0,4.0,Retired,7/3/1935,"Santa Rita, NM",Male,California Institute of Technology; Harvard University,Geology,Geology,,301,22,Apollo 17,,
Russell L. Schweickart,1963.0,3.0,Retired,10/25/1935,"Neptune, NJ",Male,MIT,Aeronautics & Astronautics,Aeronautics & Astronautics,,241,1,Apollo 9,,
Francis R. Scobee,1978.0,8.0,Deceased,5/19/1939,"Cle Elum, WA",Male,University of Arizona,Aerospace Engineering,,US Air Force,167,0,"STS 41-C (Challenger), STS 51-L (Challenger)",1/28/1986,STS 51-L (Challenger)
David R. Scott,1963.0,3.0,Retired,6/6/1932,"San Antonio, TX",Male,US Military Academy; MIT,,Aeronautics & Astronautics,US Air Force,546,19,"Gemini 8, Apollo 9, Apollo 15",,
Winston E. Scott,1992.0,14.0,Retired,8/6/1950,"Miami, FL",Male,Florida State University; US Naval Postgraduate School,Music,Aeronautical Engineering,US Navy,590,19,"STS-72 (Endeavor), STS-87 (Columbia)",,
Richard A. Searfoss,1990.0,13.0,Retired,6/5/1956,"Mount Clemens, MI",Male,US Air Force Academy; California Institute of Technology,Aeronautical Engineering,Aeronautics,US Air Force,939,0,"STS-58 (Columbia), STS-76 (Atlantis), STS-90 (Columbia)",,
Margaret Rhea Seddon,1978.0,8.0,Retired,11/8/1947,"Murfreesboro, TN",Female,University of California-Berkeley; University of Tennessee,Physiology,Medicine,,722,0,"STS 51-D (Discovery), STS-40 (Columbia), STS-58 (Columbia)",,
Elliot M. See Jr. ,1962.0,2.0,Deceased,7/23/1927,"Dallas, TX",Male,US Merchant Marine Academy; University of California-Los Angeles,,Engineering,,0,0,,2/28/1966,
Ronald M. Sega,1990.0,13.0,Retired,12/4/1952,"Cleveland, OH",Male,US Air Force Academy; Ohio State University; University of Colorado,Physics & Mathematics,Physics; Electrical Engineering,US Air Force,420,0,"STS-60 (Discovery), STS-76 (Atlantis)",,
Piers J. Sellers,1996.0,16.0,Management,4/11/1955,"Crowborough, England",Male,University of Edinburgh; Leeds University,Ecological Science,Biometeorology,,839,41,"STS-112 (Atlantis), STS-121 (Discovery), STS-132 (Atlantis)",,
Brewster H. Shaw Jr. ,1978.0,8.0,Retired,5/16/1945,"Cass City, MI",Male,University of Wisconsin,Engineering Mechanics,Engineering Mechanics,US Air Force,533,0,"STS-9 (Columbia), STS 61-B (Atlantis), STS-28 (Columbia)",,
Alan B. Shepard Jr. ,1959.0,1.0,Deceased,11/18/1923,"East Derry, NH",Male,US Naval Academy,Naval Sciences,,US Navy,216,9,"Mercury 3, Apollo 14",7/21/1998,
William M. Shepherd,1984.0,10.0,Retired,7/26/1949,"Oak Ridge, TN",Male,US Naval Academy; MIT,Aerospace Engineering,Mechanical  Engineering,US Navy,3823,0,"STS-37 (Atlantis), STS-41 (Discovery), STS-52 (Columbia), ISS-01/STS-102 (Soyuz/Discovery)",,
Loren J. Shriver,1978.0,8.0,Retired,9/23/1944,"Jefferson, IA",Male,US Air Force Academy; Purdue University,Aeronautical Engineering,Astronautical Engineering,US Air Force,386,0,"STS 51-C (Discovery), STS-31 (Discovery), STS-46 (Atlantis)",,
Donald K. Slayton,1959.0,1.0,Deceased,3/1/1924,"Sparta, WI",Male,University of Minnesota,Aeronautical Engineering,,US Air Force,217,0,Apollo-Soyuz Test Project,6/13/1993,
Michael J. Smith,1980.0,9.0,Deceased,4/30/1945,"Beaufort, NC",Male,US Naval Academy; US Naval Postgraduate School,Naval Sciences,Aeronautical Engineering,US Navy,0,0,STS 51-L (Challenger),1/28/1986,STS 51-L (Challenger)
Steven L. Smith,1992.0,14.0,Management,12/30/1958,"Phoenix, AZ",Male,Stanford University,Electrical Engineering,Electrical Engineering,,960,49,"STS-68 (Endeavor), STS-82 (Discovery), STS-103 (Discovery), STS-110 (Atlantis)",,
Sherwood C. Spring,1980.0,9.0,Retired,9/23/1944,"Hartford, CT",Male,US Military Academy; University of Arizona,Engineering,Aerospace Engineering,US Army,165,12,STS 61-B (Atlantis),,
Robert C. Springer,1980.0,9.0,Retired,5/21/1942,"St. Louis, MO",Male,US Naval Academy; US Naval Postgraduate School,Naval Sciences,Operations Research,US Marine Corps,237,0,"STS-29 (Discovery), STS-38 (Atlantis)",,
Thomas P. Stafford,1962.0,2.0,Retired,9/17/1930,"Weatherford, OK",Male,US Naval Academy,,,US Air Force,507,0,"Gemini 6, Gemini 9, Apollo 10, Apollo-Soyuz Test Project",,
Heidemarie M. Stefanyshyn-Piper,1996.0,16.0,Retired,2/7/1963,"St. Paul, MN",Female,MIT,Mechanical Engineering,,US Navy,663,33,"STS-115 (Atlantis), STS-126 (Endeavor)",,
Robert L. Stewart,1978.0,8.0,Retired,8/13/1942,"Washington, DC",Male,University of Southern Mississippi; University of Texas-Arlington,Mathematics,Aerospace Engineering,US Army,289,12,"STS 41-B (Challenger), STS 51-J (Atlantis)",,
Nicole P. Stott,2000.0,18.0,Active,11/19/1962,"Albany, NY",Female,Embry-Riddle Aeronautical University; University of Central Florida,Aeronautical Engineering,Engineering Management,,2477,6,"STS-128/129 (Discovery/Atlantis), STS-133 (Discovery)",,
Frederick W. Sturckow,1995.0,15.0,Retired,8/11/1961,"La Mesa, CA",Male,California Polytechnic State University,Mechanical Engineering,,US Marine Corps,1233,0,"STS-88 (Endeavor), STS-105 (Discovery), STS-117 (Atlantis), STS-128 (Discovery)",,
Kathryn D. Sullivan,1978.0,8.0,Retired,10/3/1951,"Patterson, NJ",Female,University of California-Santa Cruz; Dalhousie University,Earth Sciences,Earth Sciences; Geology,,532,3,"STS 41-G (Challenger), STS-31 (Discovery), STS-45 (Atlantis)",,
Steven R. Swanson,1998.0,17.0,Active,12/3/1960,"Syracuse, NY",Male,University of Colorado; Florida Atlantic University; Texas A&M University,Engineering Physics,Computer Systems; Computer Science,,4700,28,"STS-117 (Atlantis), STS-119 (Discovery), ISS-39/40 (Soyuz)",,
John L. Swigert Jr. ,1966.0,5.0,Deceased,8/30/1931,"Denver, CO",Male,University of Colorado; Rensselaer Polytechnic Institute; University of Hartford,Mechanical Engineering,Aerospace Science; Business Administration,,142,0,Apollo 13,12/27/1982,
Daniel M. Tani,1996.0,16.0,Retired,2/1/1961,"Ridley Park, PA",Male,MIT,Mechanical Engineering,Mechanical Engineering,,3162,39,"STS-108 (Endeavor), STS-120/122 (Discovery/Atlantis)",,
Joseph R. Tanner,1992.0,14.0,Retired,1/21/1950,"Danville, IL",Male,University of Illinois,Mechanical Engineering,,,1045,46,"STS-66 (Atlantis), STS-82 (Discovery), STS-97 (Endeavor), STS-115 (Discovery)",,
Norman E. Thagard,1978.0,8.0,Retired,7/3/1943,"Marianna, FL",Male,Florida State University; University of Texas,Engineering Science,Engineering Science; Medicine,,3373,0,"STS-7 (Challenger), STS 51-B (Challenger), STS-30 (Atlantis), STS-42 (Discovery), STS-71 (Soyuz/Atlantis)",,
Andrew S. W. Thomas,1992.0,14.0,Management,12/18/1951,"Adelaide, Australia",Male,University of Adelaide,Mechanical Engineering,Mechanical Engineering,,4257,6,"STS-77 (Endeavor), STS-89/91 (Endeavor/Discovery), STS-102 (Discovery), STS-114 (Discovery)",,
Donald A. Thomas,1990.0,13.0,Retired,5/6/1955,"Cleveland, OH",Male,Case Western Reserve University; Cornell University,Physics,Materials Science,,1040,0,"STS-65 (Columbia), STS-70 (Discovery), STS-83 (Columbia), STS-94 (Columbia)",,
Stephen D. Thorne,1985.0,11.0,Deceased,2/11/1953,"Frankfurt, West Germany",Male,US Naval Academy,Engineering,,US Navy,0,0,,5/24/1986,
Kathryn C. Thornton,1984.0,10.0,Retired,8/17/1952,"Montgomery, AL",Female,Auburn University; University of Virginia,Physics,Physics,,975,21,"STS-33 (Discovery), STS-49 (Endeavor), STS-61 (Endeavor), STS-73 (Columbia)",,
William E. Thornton,1967.0,6.0,Retired,4/14/1929,"Faison, NC",Male,University of North Carolina,Physics,Medicine,,315,0,"STS-8 (Challenger), STS 51-B (Challenger)",,
Pierre J. Thuot,1985.0,11.0,Retired,5/19/1955,"Groton, CT",Male,US Naval Academy; University of Southern California,Physics,Systems Management,US Navy,654,17,"STS-36 (Atlantis), STS-49 (Endeavor), STS-62 (Columbia)",,
Scott D. Tingle,2009.0,20.0,Active,7/19/1965,"Attleboro, MA",Male,Southeastern Massachusetts University; Purdue University,Mechanical Engineering,Mechanical Engineering,US Navy,0,0,,,
Richard H. Truly,1969.0,7.0,Retired,11/12/1937,"Fayette, MS",Male,Georgia Institute of Technology,Aeronautical Engineering,,US Navy,199,0,"STS-2 (Columbia), STS-8 (Challenger)",,
James D. van Hoften,1978.0,8.0,Retired,6/11/1944,"Fresno, CA",Male,University of California-Berkeley; Colorado State University,Civil Engineering,Hydraulic Engineering; Fluid Mechanics,,338,22,"STS 41-C (Challenger), STS 51-I (Discovery)",,
Mark T. Vande Hei,2009.0,20.0,Active,11/10/1966,"Falls Church, VA",Male,Saint Johnâ€™s University; Stanford University,Physics,Applied Physics,US Army,0,0,,,
Charles Lacy Veach,1984.0,10.0,Deceased,9/18/1944,"Chicago, IL",Male,US Air Force Academy,Engineering Management,,,436,0,"STS-39 (Discovery), STS-52 (Columbia)",10/3/1995,
Terry W. Virts Jr. ,2000.0,18.0,Active,12/1/1967,"Baltimore, MD",Male,US Air Force Academy; Embry-Riddle Aeronautical University,Mathematics,Aeronautics,US Air Force,5122,18,"STS-130 (Endeavor), ISS-42/43 (Soyuz)",,
James S. Voss,1987.0,12.0,Retired,3/3/1949,"Cordova, AL",Male,Auburn University; University of Colorado,Aerospace Engineering,Aerospace Engineering Sciences,US Army,4853,22,"STS-44 (Atlantis), STS-53 (Discovery), STS-69 (Endeavor), STS-101 (Atlantis), STS-102/105 (Discovery)",,
Janice E. Voss,1990.0,13.0,Deceased,10/8/1956,"South Bend, IN",Female,Purdue University; MIT,Engineering Science,Electrical Engineering; Aeronautics & Astronautics,,1179,0,"STS-57 (Endeavor), STS-63 (Discovery), STS-83 (Columbia), STS-94 (Columbia), STS-99 (Endeavor)",2/6/2012,
Rex J. Walheim,1996.0,16.0,Active,10/10/1962,"Redwood, CA",Male,University of California-Berkeley; University of Houston,Mechanical Engineering,Industrial Engineering,US Air Force,872,36,"STS-110 (Atlantis), STS-122 (Atlantis), STS-135 (Atlantis)",,
David M. Walker,1978.0,8.0,Deceased,5/20/1944,"Columbus, GA",Male,US Naval Academy,Naval Sciences,,US Navy,724,0,"STS 51-A (Discovery), STS-30 (Atlantis), STS-53 (Discovery), STS-69 (Endeavor)",4/23/2001,
Shannon Walker,2004.0,19.0,Active,6/4/1965,"Houston, TX",Female,Rice University,Space Physics,Space Physics,,3919,0,ISS-24/25 (Soyuz),,
Carl E. Walz,1990.0,13.0,Retired,9/6/1955,"Cleveland, OH",Male,Kent State University; John Carroll University,Physics,Solid State Physics,US Air Force,5533,19,"STS-51 (Discovery), STS-65 (Columbia), STS-79 (Atlantis), STS-108/111 (Endeavor)",,
Mary E. Weber,1992.0,14.0,Retired,8/24/1962,"Cleveland, OH",Female,Purdue University; University of California-Berkeley,Chemical Engineering,Physical Chemistry,,450,0,"STS-70 (Discovery), STS-101 (Atlantis)",,
Paul J. Weitz,1966.0,5.0,Retired,6/25/1932,"Erie, PA",Male,Pennsylvania State University; US Naval Postgraduate School,Aeronautical Engineering,Aeronautical Engineering,US Navy,793,2,"Skylab 2, STS-6 (Challenger)",,
James D. Wetherbee,1984.0,10.0,Retired,11/27/1952,"Flushing, NY",Male,University of Notre Dame,Aerospace Engineering,,US Navy,1594,0,"STS-32 (Columbia), STS-52 (Columbia), STS-63 (Discovery), STS-86 (Atlantis), STS-102 (Discovery), STS-113 (Endeavor)",,
Douglas H. Wheelock,1998.0,17.0,Active,5/5/1960,"Binghamton, NY",Male,US Military Academy; Georgia Institute of Technology,Applied Science & Engineering,Aerospace Engineering,US Army,4281,43,"STS-120 (Discovery), ISS-24/25 (Soyuz)",,
Edward H. White II ,1962.0,2.0,Deceased,11/14/1930,"San Antonio, TX",Male,US Military Academy; University of Michigan,,Aeronautical Engineering,US Air Force,97,0,"Gemini 4, Apollo 1",1/27/1967,Apollo 1
Peggy A. Whitson,1996.0,16.0,Active,2/9/1960,"Mt. Ayr, IA",Female,Iowa Wesleyan College; Rice University,Chemistry & Biology,Biochemistry,,11698,46,"STS-111/113 (Endeavor), ISS-16 (Soyuz), ISS-50/51 (Soyuz)",,
Terrence W. Wilcutt,1990.0,13.0,Management,10/31/1949,"Russellville, KY",Male,Western Kentucky University,Mathematics,,,1008,0,"STS-68 (Endeavor), STS-79 (Atlantis), STS-89 (Endeavor), STS-106 (Atlantis)",,
Clifton C. Williams Jr. ,1963.0,3.0,Deceased,9/26/1932,"Mobile, AL",Male,Auburn University,Mechanical Engineering,,US Marine Corps,0,0,,10/5/1967,
Donald E. Williams,1978.0,8.0,Retired,2/13/1958,"Lafayette, IN",Male,Purdue University,Mechanical Engineering,,US Navy,287,0,"STS 51-D (Discovery), STS-34 (Atlantis)",,
Jeffrey N. Williams,1996.0,16.0,Active,1/18/1958,"Superior, WI",Male,US Military Academy; US Naval Postgraduate School; US Naval War College,Applied Science & Engineering,Aeronautical Engineering; National Security & Strategic Studies,US Army,12818,32,"STS-101 (Atlantis), ISS-13 (Soyuz), ISS-21/22 (Soyuz), ISS-47/48 (Soyuz)",,
Sunita L. Williams,1998.0,17.0,Active,9/19/1965,"Euclid, OH",Female,US Naval Academy; Florida Institute of Technology,Physical Science,Engineering Management,US Navy,7721,50,"STS-116/117 (Discovery/Atlantis), ISS-32/33 (Soyuz)",,
Barry E. Wilmore,2000.0,18.0,Active,12/29/1962,"Murfreesboro, TN",Male,Tennessee Technological University; University of Tennessee,Electrical Engineering,Electrical Engineering; Aviation Systems,US Navy,4272,25,"STS-129 (Atlantis), ISS-41/42 (Soyuz)",,
Stephanie D. Wilson,1996.0,16.0,Active,9/27/1966,"Boston, MA",Female,Harvard University; University of Texas,Engineering Science,Aerospace Engineering,,1031,0,"STS-121 (Discovery), STS-120 (Discovery), STS-131 (Discovery)",,
G. Reid Wiseman,2009.0,20.0,Active,11/11/1975,"Baltimore, MD",Male,Rensselaer Polytechnic Institute; Johns Hopkins University,Computer & Systems Engineering,Systems Engineering,US Navy,3968,13,ISS-40/41 (Soyuz),,
Peter J. K. Wisoff,1990.0,13.0,Retired,8/16/1958,"Norfolk, VA",Male,University of Virginia; Stanford University,Physics,Applied Physics,,1064,20,"STS-57 (Endeavor), STS-68 (Endeavor), STS-81 (Atlantis), STS-92 (Discovery)",,
David A. Wolf,1990.0,13.0,Retired,8/23/1956,"Indianapolis, IN",Male,Purdue University; Indiana University,Electrical Engineering,Medicine,,4044,41,"STS-58 (Columbia). STS-86/89 (Atlantis/Endeavor), STS-112 (Atlantis), STS-127 (Endeavor)",,
Neil W. Woodward III ,1998.0,17.0,Retired,7/26/1962,"Chicago, IL",Male,MIT; University of Texas-Austin; George Washington University,Physics,Physics; Business Management,US Navy,0,0,,,
Alfred M. Worden,1966.0,5.0,Retired,2/7/1932,"Jackson, MI",Male,US Military Academy; University of Michigan,Military Science,Aeronautical & Astronautical Engineering,US Air Force,295,0,Apollo 15,,
John W. Young,1962.0,2.0,Retired,9/24/1930,"San Francisco, CA",Male,Georgia Institute of Technology,Aeronautical Engineering,,US Navy,835,20,"Gemini 3, Gemini 10, Apollo 10, Apollo 16, STS-1 (Columbia), STS-9 (Columbia)",,
George D. Zamka,1998.0,17.0,Retired,6/29/1962,"Jersey City, NJ",Male,US Naval Academy; Florida Institute of Technology,Mathematics,Engineering Management,US Marine Corps,692,0,"STS-120 (Discovery), STS-130 (Endeavor)",,
